Doom eternal ps4,https://wwww.avito.ru/bikin/igry_pristavki_i_programmy/doom_eternal_ps4_2200885647,1 800 ₽,"Игры, приставки и программы"
Игровой системный блок,https://wwww.avito.ru/bikin/nastolnye_kompyutery/igrovoy_sistemnyy_blok_2268208316,85 000 ₽,Настольные компьютеры
Телефон Samsung s8/64,https://wwww.avito.ru/bikin/telefony/telefon_samsung_s864_2221386430,9 500 ₽,Телефоны
Мобильный телефон новый,https://wwww.avito.ru/bikin/telefony/mobilnyy_telefon_novyy_2229614544,3 600 ₽,Телефоны
Телефон samsung,https://wwww.avito.ru/bikin/telefony/telefon_samsung_2061492764,28 000 ₽,Телефоны
Музыкальная колонка,https://wwww.avito.ru/bikin/audio_i_video/muzykalnaya_kolonka_2229749389,8 500 ₽,Аудио и видео
Стойка для микрофона настольная,https://wwww.avito.ru/bikin/audio_i_video/stoyka_dlya_mikrofona_nastolnaya_2229223575,2 600 ₽,Аудио и видео
Акустическая система jbl (новая),https://wwww.avito.ru/bikin/audio_i_video/akusticheskaya_sistema_jbl_novaya_2239724401,1 500 ₽,Аудио и видео
Мобильный телефон samsung,https://wwww.avito.ru/bikin/telefony/mobilnyy_telefon_samsung_2268233837,14 000 ₽,Телефоны
Материнка с Athlon II 6000+,https://wwww.avito.ru/bikin/tovary_dlya_kompyutera/materinka_s_athlon_ii_6000_2267317785,750 ₽,Товары для компьютера
Защитное стекло iPhone XS 11 про макс,https://wwww.avito.ru/bikin/telefony/zaschitnoe_steklo_iphone_xs_11_pro_maks_2267156849,500 ₽,Телефоны
Honor 9c обмен,https://wwww.avito.ru/bikin/telefony/honor_9c_obmen_2267893766,9 000 ₽,Телефоны
Графический планшет huion Q11K,https://wwww.avito.ru/bikin/planshety_i_elektronnye_knigi/graficheskiy_planshet_huion_q11k_2218731483,12 000 ₽,Планшеты и электронные книги
Спутниковая тарелка МТС,https://wwww.avito.ru/bikin/audio_i_video/sputnikovaya_tarelka_mts_2176095099,2 000 ₽,Аудио и видео
Honor 7a pro,https://wwww.avito.ru/bikin/telefony/honor_7a_pro_2237443379,5 000 ₽,Телефоны
Беспроводные наушники sony,https://wwww.avito.ru/bikin/audio_i_video/besprovodnye_naushniki_sony_2008424997,3 500 ₽,Аудио и видео
Игры для playstation 4 и 5,https://wwww.avito.ru/bikin/igry_pristavki_i_programmy/igry_dlya_playstation_4_i_5_2199918107,6 400 ₽,"Игры, приставки и программы"
Игровой компьютер с монитором,https://wwww.avito.ru/bikin/nastolnye_kompyutery/igrovoy_kompyuter_s_monitorom_2265211277,140 000 ₽,Настольные компьютеры
Игры ps4 fallout76 не Б/У Примечание:нужна подписк,https://wwww.avito.ru/bikin/igry_pristavki_i_programmy/igry_ps4_fallout76_ne_bu_primechanienuzhna_podpisk_2268750777,500 ₽,"Игры, приставки и программы"
"Кулер цп от AMD (AM4, 65W)",https://wwww.avito.ru/bikin/tovary_dlya_kompyutera/kuler_tsp_ot_amd_am4_65w_2268347816,700 ₽,Товары для компьютера
EMeclhines e732zg,https://wwww.avito.ru/bikin/noutbuki/emeclhines_e732zg_2228702625,10 000 ₽,Ноутбуки
Видеокарта Radeon HD7770 Gigabite (1gb),https://wwww.avito.ru/bikin/tovary_dlya_kompyutera/videokarta_radeon_hd7770_gigabite_1gb_2268682702,3 500 ₽,Товары для компьютера
Чехол-книжка на huawei nova 3,https://wwww.avito.ru/bikin/telefony/chehol-knizhka_na_huawei_nova_3_2257379013,200 ₽,Телефоны
Продам компьютер,https://wwww.avito.ru/bikin/nastolnye_kompyutery/prodam_kompyuter_2222667025,40 000 ₽,Настольные компьютеры
Packard bell,https://wwww.avito.ru/bikin/noutbuki/packard_bell_2230986866,15 000 ₽,Ноутбуки
Телефон,https://wwww.avito.ru/bikin/telefony/telefon_2263424208,7 000 ₽,Телефоны
Игровая мышь,https://wwww.avito.ru/bikin/tovary_dlya_kompyutera/igrovaya_mysh_1993450418,350 ₽,Товары для компьютера
Фотоаппарат Nikon D3200,https://wwww.avito.ru/bikin/fototehnika/fotoapparat_nikon_d3200_2255963735,11 500 ₽,Фототехника
Ноутбук dns,https://wwww.avito.ru/bikin/noutbuki/noutbuk_dns_2247644294,12 300 ₽,Ноутбуки
Видеокарта PX9600GT,https://wwww.avito.ru/bikin/tovary_dlya_kompyutera/videokarta_px9600gt_1881146267,1 000 ₽,Товары для компьютера
Оперативная память,https://wwww.avito.ru/bikin/tovary_dlya_kompyutera/operativnaya_pamyat_870297605,1 000 ₽,Товары для компьютера
Кабель питания для пк,https://wwww.avito.ru/bikin/tovary_dlya_kompyutera/kabel_pitaniya_dlya_pk_1881516426,300 ₽,Товары для компьютера
Soni Xperia Z2 (D6503),https://wwww.avito.ru/bikin/telefony/soni_xperia_z2_d6503_1397458639,5 000 ₽,Телефоны
DVD и диски,https://wwww.avito.ru/bikin/audio_i_video/dvd_i_diski_1973957017,700 ₽,Аудио и видео
Аудио и видео,https://wwww.avito.ru/bikin/audio_i_video/audio_i_video_2185186418,3 000 ₽,Аудио и видео
Мобильные телефоны бу,https://wwww.avito.ru/bikin/telefony/mobilnye_telefony_bu_2256287175,8 800 ₽,Телефоны
iPhone 11,https://wwww.avito.ru/bikin/telefony/iphone_11_2260630541,39 000 ₽,Телефоны
Asus TUF Gaming FX705DT-AU043,https://wwww.avito.ru/bikin/noutbuki/asus_tuf_gaming_fx705dt-au043_2265037068,60 000 ₽,Ноутбуки
Системный блок,https://wwww.avito.ru/bikin/nastolnye_kompyutery/sistemnyy_blok_2266196568,13 000 ₽,Настольные компьютеры
Телефон iPhone 11,https://wwww.avito.ru/bikin/telefony/telefon_iphone_11_2201322718,45 000 ₽,Телефоны
Монитор LG,https://wwww.avito.ru/bikin/tovary_dlya_kompyutera/monitor_lg_2266572527,2 000 ₽,Товары для компьютера
WI-FI камера для дома,https://wwww.avito.ru/bikin/audio_i_video/wi-fi_kamera_dlya_doma_1863779445,1 500 ₽,Аудио и видео
Шлем виртуальной реальности Oculus Rift DK2 для пк,https://wwww.avito.ru/bikin/tovary_dlya_kompyutera/shlem_virtualnoy_realnosti_oculus_rift_dk2_dlya_pk_2268692170,18 000 ₽,Товары для компьютера
Телефон,https://wwww.avito.ru/bikin/telefony/telefon_2243232140,8 500 ₽,Телефоны
Телефон Samsung galaxy a5 2017,https://wwww.avito.ru/bikin/telefony/telefon_samsung_galaxy_a5_2017_2243280693,6 500 ₽,Телефоны
Внешний жесткий диск 500 гб,https://wwww.avito.ru/bikin/tovary_dlya_kompyutera/vneshniy_zhestkiy_disk_500_gb_2263640157,3 500 ₽,Товары для компьютера
Телевизор Telefunken,https://wwww.avito.ru/bikin/audio_i_video/televizor_telefunken_1739059636,9 500 ₽,Аудио и видео
Усилитель,https://wwww.avito.ru/bikin/audio_i_video/usilitel_2232274921,25 000 ₽,Аудио и видео
HP Color Laser Jet Pro M252DW,https://wwww.avito.ru/bikin/orgtehnika_i_rashodniki/hp_color_laser_jet_pro_m252dw_2247351880,3 000 ₽,Оргтехника и расходники
Airpods pro не оригинальные,https://wwww.avito.ru/bikin/audio_i_video/airpods_pro_ne_originalnye_2255231375,1 500 ₽,Аудио и видео
Плата аудио-видео,https://wwww.avito.ru/bikin/audio_i_video/plata_audio-video_2153847414,1 000 ₽,Аудио и видео
Зеркальный фотоаппарат,https://wwww.avito.ru/bikin/fototehnika/zerkalnyy_fotoapparat_2242085394,45 000 ₽,Фототехника
Hp 14-bs000ur,https://wwww.avito.ru/bikin/noutbuki/hp_14-bs000ur_2265020572,4 000 ₽,Ноутбуки
Беспроводные наушники jbl бу,https://wwww.avito.ru/bikin/audio_i_video/besprovodnye_naushniki_jbl_bu_2153916086,500 ₽,Аудио и видео
Процессор Pentium 4 3.0 GHZ (775),https://wwww.avito.ru/bikin/tovary_dlya_kompyutera/protsessor_pentium_4_3.0_ghz_775_2152927899,150 ₽,Товары для компьютера
DVD-RW,https://wwww.avito.ru/bikin/tovary_dlya_kompyutera/dvd-rw_2050360248,450 ₽,Товары для компьютера
Huayu RM-L900 универсальный пульт для LCD TV,https://wwww.avito.ru/bikin/audio_i_video/huayu_rm-l900_universalnyy_pult_dlya_lcd_tv_1794563593,500 ₽,Аудио и видео
"Игра на PS4 Тачки - 3, killzone в плену сумрака",https://wwww.avito.ru/bikin/igry_pristavki_i_programmy/igra_na_ps4_tachki_-_3_killzone_v_plenu_sumraka_2226416677,600 ₽,"Игры, приставки и программы"
Телефон Samsung,https://wwww.avito.ru/bikin/telefony/telefon_samsung_2237505754,20 000 ₽,Телефоны
Игра,https://wwww.avito.ru/bikin/igry_pristavki_i_programmy/igra_2223625983,500 ₽,"Игры, приставки и программы"
Игра,https://wwww.avito.ru/bikin/igry_pristavki_i_programmy/igra_2223061294,200 ₽,"Игры, приставки и программы"
Игра бравол старс,https://wwww.avito.ru/bikin/igry_pristavki_i_programmy/igra_bravol_stars_2222893673,200 ₽,"Игры, приставки и программы"
Игра бравол старс,https://wwww.avito.ru/bikin/igry_pristavki_i_programmy/igra_bravol_stars_2223171610,500 ₽,"Игры, приставки и программы"
Xiaomi redmi 9,https://wwww.avito.ru/bikin/telefony/xiaomi_redmi_9_2212095022,7 000 ₽,Телефоны
Телевизор,https://wwww.avito.ru/bikin/audio_i_video/televizor_2020949745,6 000 ₽,Аудио и видео
Телефон iPhone xr,https://wwww.avito.ru/bikin/telefony/telefon_iphone_xr_2234023764,30 000 ₽,Телефоны
Acer,https://wwww.avito.ru/bikin/noutbuki/acer_2250861180,15 000 ₽,Ноутбуки
Продам игровой компьютер,https://wwww.avito.ru/bikin/nastolnye_kompyutery/prodam_igrovoy_kompyuter_2261991701,70 000 ₽,Настольные компьютеры
Телевизор ЖК,https://wwww.avito.ru/bikin/audio_i_video/televizor_zhk_2175462741,9 000 ₽,Аудио и видео
Переходник с PS/2 на USB для клавиатуры и мыши,https://wwww.avito.ru/bikin/tovary_dlya_kompyutera/perehodnik_s_ps2_na_usb_dlya_klaviatury_i_myshi_1006526526,600 ₽,Товары для компьютера
Переходник с scart на тюльпаны,https://wwww.avito.ru/bikin/audio_i_video/perehodnik_s_scart_na_tyulpany_1826905259,400 ₽,Аудио и видео
Зарядное устройство для телефонов Nokia,https://wwww.avito.ru/bikin/telefony/zaryadnoe_ustroystvo_dlya_telefonov_nokia_1826296791,500 ₽,Телефоны
Видеомагнитофон samsung SVR-633 (+ DVD в подарок),https://wwww.avito.ru/bikin/audio_i_video/videomagnitofon_samsung_svr-633_dvd_v_podarok_1794399012,800 ₽,Аудио и видео
iPhone 6s 64gb синий,https://wwww.avito.ru/bikin/telefony/iphone_6s_64gb_siniy_2232894524,9 000 ₽,Телефоны
Sony playstation,https://wwww.avito.ru/bikin/igry_pristavki_i_programmy/sony_playstation_2131990460,1 000 ₽,"Игры, приставки и программы"
Комплект видеонаблюдения 4 камеры,https://wwww.avito.ru/bikin/audio_i_video/komplekt_videonablyudeniya_4_kamery_2145518286,5 999 ₽,Аудио и видео
Беспроводная зарядка samsung,https://wwww.avito.ru/bikin/planshety_i_elektronnye_knigi/besprovodnaya_zaryadka_samsung_2250683493,800 ₽,Планшеты и электронные книги
"Компьютерные мыши, оптом, Б/У",https://wwww.avito.ru/bikin/tovary_dlya_kompyutera/kompyuternye_myshi_optom_bu_1826903214,550 ₽,Товары для компьютера
Телефон Samsung J2 Prime,https://wwww.avito.ru/bikin/telefony/telefon_samsung_j2_prime_2259195495,3 500 ₽,Телефоны
Мини пк i5 форм-факторов Micro-ATX,https://wwww.avito.ru/bikin/nastolnye_kompyutery/mini_pk_i5_form-faktorov_micro-atx_2228014023,10 000 ₽,Настольные компьютеры
Продам airpods с левым наушником,https://wwww.avito.ru/bikin/audio_i_video/prodam_airpods_s_levym_naushnikom_2249092225,1 500 ₽,Аудио и видео
Оперативная ram ddr4 4gb,https://wwww.avito.ru/bikin/tovary_dlya_kompyutera/operativnaya_ram_ddr4_4gb_2145254770,1 000 ₽,Товары для компьютера
Жесткий диск для ноутбука 160Гб,https://wwww.avito.ru/bikin/tovary_dlya_kompyutera/zhestkiy_disk_dlya_noutbuka_160gb_2145310681,500 ₽,Товары для компьютера
Samsung j4 18 г 3/32,https://wwww.avito.ru/bikin/telefony/samsung_j4_18_g_332_2253325385,7 000 ₽,Телефоны
Телефон,https://wwww.avito.ru/bikin/telefony/telefon_2240258082,7 500 ₽,Телефоны
Наушники,https://wwww.avito.ru/bikin/audio_i_video/naushniki_1825982656,250 ₽,Аудио и видео
Realme c21,https://wwww.avito.ru/bikin/telefony/realme_c21_2260129484,8 000 ₽,Телефоны
Старая техника,https://wwww.avito.ru/bikin/audio_i_video/staraya_tehnika_2153405332,1 ₽,Аудио и видео
Колонка,https://wwww.avito.ru/bikin/audio_i_video/kolonka_2176189855,2 000 ₽,Аудио и видео
Обмен Samsung A30S 3/32,https://wwww.avito.ru/bikin/telefony/obmen_samsung_a30s_332_2221387805,10 000 ₽,Телефоны
Продам наушники AirPods 2,https://wwww.avito.ru/bikin/planshety_i_elektronnye_knigi/prodam_naushniki_airpods_2_2267949311,6 490 ₽,Планшеты и электронные книги
Телефон Honor 8X,https://wwww.avito.ru/bikin/telefony/telefon_honor_8x_2251035945,8 499 ₽,Телефоны
Аккумулятор для телефона apple 11,https://wwww.avito.ru/bikin/telefony/akkumulyator_dlya_telefona_apple_11_2072064076,1 500 ₽,Телефоны
"VHS кассеты, CD/DVD диски",https://wwww.avito.ru/bikin/audio_i_video/vhs_kassety_cddvd_diski_1858494561,500 ₽,Аудио и видео
Wifi роутер tp-link,https://wwww.avito.ru/bikin/tovary_dlya_kompyutera/wifi_router_tp-link_2132265393,500 ₽,Товары для компьютера
Hitachi MPDr 3.9 Tier-4,https://wwww.avito.ru/amurskaya_oblast_blagoveschensk/igry_pristavki_i_programmy/hitachi_mpdr_3.9_tier-4_2249317951,5 000 ₽,"Игры, приставки и программы"
Acer,https://wwww.avito.ru/bikin/noutbuki/acer_2215586102,20 000 ₽,Ноутбуки
Мак Бук про 13,https://wwww.avito.ru/bikin/noutbuki/mak_buk_pro_13_2247476701,25 000 ₽,Ноутбуки
Оптический привод DVD-RW Sony,https://wwww.avito.ru/bikin/tovary_dlya_kompyutera/opticheskiy_privod_dvd-rw_sony_2050767901,600 ₽,Товары для компьютера
Logitech G603 lightspeed,https://wwww.avito.ru/bikin/tovary_dlya_kompyutera/logitech_g603_lightspeed_2212562446,4 500 ₽,Товары для компьютера
Телик,https://wwww.avito.ru/bikin/audio_i_video/telik_2241292296,1 500 ₽,Аудио и видео
Беспроводные наушники Apple replica,https://wwww.avito.ru/bikin/audio_i_video/besprovodnye_naushniki_apple_replica_2177214631,3 490 ₽,Аудио и видео
Беспроводные наушники airpods pro,https://wwww.avito.ru/bikin/audio_i_video/besprovodnye_naushniki_airpods_pro_2177003706,3 490 ₽,Аудио и видео
Ноутбук asus,https://wwww.avito.ru/bikin/noutbuki/noutbuk_asus_2151042570,50 000 ₽,Ноутбуки
Ноутбук Acer aspire,https://wwww.avito.ru/bikin/noutbuki/noutbuk_acer_aspire_2101009776,2 000 ₽,Ноутбуки
Телефон Lenovo бу,https://wwww.avito.ru/bikin/telefony/telefon_lenovo_bu_2166919408,5 000 ₽,Телефоны
Энран на iPhone 11,https://wwww.avito.ru/bikin/telefony/enran_na_iphone_11_2072589086,10 000 ₽,Телефоны
Продам игры для ps4,https://wwww.avito.ru/bikin/igry_pristavki_i_programmy/prodam_igry_dlya_ps4_2071962557,4 500 ₽,"Игры, приставки и программы"
Samsung galaxy a02s 32gb,https://wwww.avito.ru/bikin/telefony/samsung_galaxy_a02s_32gb_2256313286,5 000 ₽,Телефоны
iPhone 11,https://wwww.avito.ru/bikin/telefony/iphone_11_2218352659,45 000 ₽,Телефоны
Экшн камера denn,https://wwww.avito.ru/bikin/audio_i_video/ekshn_kamera_denn_2223279942,1 200 ₽,Аудио и видео
Vr очки,https://wwww.avito.ru/bikin/telefony/vr_ochki_2241852250,500 ₽,Телефоны
Виар очки,https://wwww.avito.ru/bikin/telefony/viar_ochki_2230523265,2 500 ₽,Телефоны
Wifi роутер tp-link n300,https://wwww.avito.ru/bikin/tovary_dlya_kompyutera/wifi_router_tp-link_n300_2090404031,1 000 ₽,Товары для компьютера
VR очки для смартфона,https://wwww.avito.ru/bikin/telefony/vr_ochki_dlya_smartfona_1969067359,1 000 ₽,Телефоны
DVD,https://wwww.avito.ru/bikin/audio_i_video/dvd_1858386164,250 ₽,Аудио и видео
"VGA кабель для монитора, новый",https://wwww.avito.ru/bikin/tovary_dlya_kompyutera/vga_kabel_dlya_monitora_novyy_2081967671,300 ₽,Товары для компьютера
Телевизор,https://wwww.avito.ru/bikin/audio_i_video/televizor_2262768956,8 000 ₽,Аудио и видео
WI-FI модемы,https://wwww.avito.ru/bikin/tovary_dlya_kompyutera/wi-fi_modemy_1759513454,500 ₽,Товары для компьютера
Оперативная память DDR 1,https://wwww.avito.ru/bikin/tovary_dlya_kompyutera/operativnaya_pamyat_ddr_1_2196622370,500 ₽,Товары для компьютера
Мобильный телефон samsung galaxy,https://wwww.avito.ru/bikin/telefony/mobilnyy_telefon_samsung_galaxy_2249232223,18 000 ₽,Телефоны
Шрек смешарики,https://wwww.avito.ru/bikin/audio_i_video/shrek_smeshariki_2068278659,500 ₽,Аудио и видео
Cd диски,https://wwww.avito.ru/bikin/audio_i_video/cd_diski_2067999975,50 ₽,Аудио и видео
Телевизор,https://wwww.avito.ru/bikin/audio_i_video/televizor_2179236418,1 500 ₽,Аудио и видео
Nokia 5,https://wwww.avito.ru/bikin/telefony/nokia_5_2243391564,4 000 ₽,Телефоны
Роутер,https://wwww.avito.ru/bikin/tovary_dlya_kompyutera/router_1989851843,900 ₽,Товары для компьютера
Флешка юсб3.0-микро юсб,https://wwww.avito.ru/bikin/tovary_dlya_kompyutera/fleshka_yusb3.0-mikro_yusb_2040033332,450 ₽,Товары для компьютера
Sony playstation 4 PS4 pro 1tb game chasic,https://wwww.avito.ru/bikin/igry_pristavki_i_programmy/sony_playstation_4_ps4_pro_1tb_game_chasic_2192151086,50 000 ₽,"Игры, приставки и программы"
Ноутбук,https://wwww.avito.ru/bikin/noutbuki/noutbuk_2193136072,9 000 ₽,Ноутбуки
Внешний аккумулятор power bank,https://wwww.avito.ru/bikin/telefony/vneshniy_akkumulyator_power_bank_2260196850,1 ₽,Телефоны
Мфу HP,https://wwww.avito.ru/bikin/orgtehnika_i_rashodniki/mfu_hp_2196611290,2 000 ₽,Оргтехника и расходники
Материнская плата,https://wwww.avito.ru/bikin/tovary_dlya_kompyutera/materinskaya_plata_2244210581,1 500 ₽,Товары для компьютера
Наушники mi,https://wwww.avito.ru/bikin/audio_i_video/naushniki_mi_2261636979,1 ₽,Аудио и видео
Беспроводная зарядка samsung,https://wwww.avito.ru/bikin/telefony/besprovodnaya_zaryadka_samsung_2240611109,1 300 ₽,Телефоны
Беспроводная зарядка,https://wwww.avito.ru/bikin/telefony/besprovodnaya_zaryadka_2240101882,666 ₽,Телефоны
Оперативная память,https://wwww.avito.ru/bikin/tovary_dlya_kompyutera/operativnaya_pamyat_1916727041,500 ₽,Товары для компьютера
Блок питания ноутбука asus,https://wwww.avito.ru/bikin/tovary_dlya_kompyutera/blok_pitaniya_noutbuka_asus_1948383099,800 ₽,Товары для компьютера
Игровой монитор 240 гц,https://wwww.avito.ru/bikin/tovary_dlya_kompyutera/igrovoy_monitor_240_gts_2110187431,50 000 ₽,Товары для компьютера
Телефон Samsung А3,https://wwww.avito.ru/bikin/telefony/telefon_samsung_a3_2080308937,1 000 ₽,Телефоны
